Volume,Title,Link
Volume 1,1.00,https://wanderinginn.com/2017/03/03/rw1-00/
Volume 1,1.01,https://wanderinginn.com/2017/03/03/rw1-01/
Volume 1,1.02,https://wanderinginn.com/2017/03/03/rw1-02/
Volume 1,1.03,https://wanderinginn.com/2017/03/03/rw1-03/
Volume 1,1.04,https://wanderinginn.com/2017/03/03/rw1-04/
Volume 1,1.05,https://wanderinginn.com/2017/03/03/rw1-05/
Volume 1,1.06,https://wanderinginn.com/2017/03/03/rw1-06/
Volume 1,1.07,https://wanderinginn.com/2017/03/03/rw1-07/
Volume 1,1.08,https://wanderinginn.com/2017/03/03/rw1-08/
Volume 1,1.09,https://wanderinginn.com/2017/03/03/rw1-09/
Volume 1,1.10,https://wanderinginn.com/2017/03/03/rw1-10/
Volume 1,Interlude – The Great Ritual,https://wanderinginn.com/2017/03/03/rwinterlude-the-great-ritual/
Volume 1,1.11,https://wanderinginn.com/2017/03/03/rw1-11/
Volume 1,1.12,https://wanderinginn.com/2017/03/03/rw1-12/
Volume 1,1.13,https://wanderinginn.com/2017/03/03/rw1-13/
Volume 1,1.14,https://wanderinginn.com/2017/03/03/rw1-14/
Volume 1,1.15,https://wanderinginn.com/2017/03/03/rw1-15/
Volume 1,1.16,https://wanderinginn.com/2017/03/03/rw1-16/
Volume 1,1.17,https://wanderinginn.com/2017/03/03/rw1-17/
Volume 1,1.18,https://wanderinginn.com/2017/03/03/rw1-18/
Volume 1,1.19 R,https://wanderinginn.com/2017/03/03/rw1-19-r/
Volume 1,1.20 R,https://wanderinginn.com/2017/03/03/rw1-20-r/
Volume 1,1.21,https://wanderinginn.com/2017/03/03/rw1-21/
Volume 1,1.22,https://wanderinginn.com/2017/03/03/rw1-22/
Volume 1,1.23 A,https://wanderinginn.com/2017/03/03/rw1-23-a/
Volume 1,1.24,https://wanderinginn.com/2017/03/04/rw1-24/
Volume 1,Interlude – King Edition,https://wanderinginn.com/2017/03/04/rwinterlude-king-edition/
Volume 1,1.25,https://wanderinginn.com/2017/03/04/rw1-25/
Volume 1,1.26 R,https://wanderinginn.com/2017/03/04/rw1-26-r/
Volume 1,1.27 R,https://wanderinginn.com/2017/03/04/rw1-27-r/
Volume 1,1.28 A,https://wanderinginn.com/2017/03/04/rw1-28-a/
Volume 1,1.29,https://wanderinginn.com/2017/03/04/rw1-29/
Volume 1,1.30,https://wanderinginn.com/2017/03/04/rw1-30/
Volume 1,1.31,https://wanderinginn.com/2017/03/04/rw1-31/
Volume 1,1.32 R,https://wanderinginn.com/2017/03/04/rw1-32-r/
Volume 1,1.33 R,https://wanderinginn.com/2017/03/04/rw1-33-r/
Volume 1,1.34,https://wanderinginn.com/2017/03/04/rw1-34/
Volume 1,1.35 R,https://wanderinginn.com/2017/03/04/rw1-35-r/
Volume 1,1.36,https://wanderinginn.com/2017/03/04/rw1-36/
Volume 1,1.37,https://wanderinginn.com/2017/03/04/rw1-37/
Volume 1,1.38,https://wanderinginn.com/2017/03/04/rw1-38/
Volume 1,1.39 R,https://wanderinginn.com/2017/03/04/rw1-39-r/
Volume 1,1.40 R,https://wanderinginn.com/2017/03/04/rw1-40-r/
Volume 1,1.41,https://wanderinginn.com/2017/03/04/rw1-41/
Volume 1,1.42,https://wanderinginn.com/2017/03/04/rw1-42/
Volume 1,1.43 R,https://wanderinginn.com/2017/03/04/rw1-43-r/
Volume 1,1.44 R,https://wanderinginn.com/2017/03/04/rw1-44-r/
Volume 1,1.45,https://wanderinginn.com/2017/03/04/rw1-45/
Volume 1,1.46,https://wanderinginn.com/2017/03/04/rw1-46/
Volume 1,1.47 R,https://wanderinginn.com/2017/03/04/rw1-47-r/
Volume 1,1.48 R,https://wanderinginn.com/2017/03/04/rw1-48-r/
Volume 1,1.49,https://wanderinginn.com/2017/03/04/rw1-49/
Volume 1,1.50,https://wanderinginn.com/2017/03/04/rw1-50/
Volume 1,1.51,https://wanderinginn.com/2017/03/04/rw1-51/
Volume 1,1.52 R,https://wanderinginn.com/2017/03/04/rw1-52-r/
Volume 1,1.53,https://wanderinginn.com/2017/03/04/rw1-53/
Volume 1,1.54,https://wanderinginn.com/2017/03/04/rw1-54/
Volume 1,1.55 R,https://wanderinginn.com/2017/03/04/rw1-55-r/
Volume 1,1.56,https://wanderinginn.com/2017/03/04/rw1-56/
Volume 1,1.57 H,https://wanderinginn.com/2017/03/04/rw1-57-h/
Volume 1,1.58 H,https://wanderinginn.com/2017/03/04/rw1-58-h/
Volume 1,1.59 H,https://wanderinginn.com/2017/03/04/rw1-59-h/
Volume 1,1.60,https://wanderinginn.com/2017/03/04/rw1-60/
Volume 1,1.61,https://wanderinginn.com/2017/03/04/rw1-61/
Volume 1,1.62,https://wanderinginn.com/2017/03/04/rw1-62/
Volume 1,1.63,https://wanderinginn.com/2017/03/04/rw1-63/
Volume 2,Interlude – The Call,https://wanderinginn.com/2017/03/07/interlude-2/
Volume 2,2.00,https://wanderinginn.com/2017/03/12/2-01/
Volume 2,2.01,https://wanderinginn.com/2017/03/15/2-02/
Volume 2,2.02,https://wanderinginn.com/2017/03/18/2-03/
Volume 2,2.03,https://wanderinginn.com/2017/03/22/2-04/
Volume 2,2.04,https://wanderinginn.com/2017/03/25/2-05/
Volume 2,2.05,https://wanderinginn.com/2017/03/28/2-06/
Volume 2,2.06,https://wanderinginn.com/2017/04/02/2-06-2/
Volume 2,2.06 (Apr 1 version),https://wanderinginn.com/2017/04/02/2-07/
Volume 2,2.07,https://wanderinginn.com/2017/04/04/2-08/
Volume 2,2.08,https://wanderinginn.com/2017/04/09/2-09/
Volume 2,2.09,https://wanderinginn.com/2017/04/12/2-10/
Volume 2,2.10 T,https://wanderinginn.com/2017/04/12/2-00-t/
Volume 2,2.11,https://wanderinginn.com/2017/04/13/2-11/
Volume 2,2.12,https://wanderinginn.com/2017/04/14/2-12/
Volume 2,2.13,https://wanderinginn.com/2017/04/15/2-13/
Volume 2,2.14 G,https://wanderinginn.com/2017/04/16/2-00-g/
Volume 2,Interlude – Mating Rituals (Pt. 1),https://wanderinginn.com/2017/04/17/side-story-mating-rituals/
Volume 2,2.15,https://wanderinginn.com/2017/04/18/2-14/
Volume 2,2.16,https://wanderinginn.com/2017/04/22/2-15/
Volume 2,2.17,https://wanderinginn.com/2017/04/22/2-16/
Volume 2,2.18,https://wanderinginn.com/2017/04/25/2-17/
Volume 2,2.19 G,https://wanderinginn.com/2017/04/27/2-01-g/
Volume 2,2.20,https://wanderinginn.com/2017/04/29/2-18/
Volume 2,2.21,https://wanderinginn.com/2017/05/03/2-19/
Volume 2,2.22 K,https://wanderinginn.com/2017/05/05/2-00-k/
Volume 2,2.23,https://wanderinginn.com/2017/05/07/2-20/
Volume 2,2.24 T,https://wanderinginn.com/2017/05/10/2-01-t/
Volume 2,2.25,https://wanderinginn.com/2017/05/14/2-21/
Volume 2,2.26,https://wanderinginn.com/2017/05/17/2-22/
Volume 2,1.00 C,https://wanderinginn.com/2017/05/18/1-00-c/
Volume 2,1.01 C,https://wanderinginn.com/2017/05/19/1-01-c/
Volume 2,2.27 G,https://wanderinginn.com/2017/05/21/2-02-g/
Volume 2,2.28,https://wanderinginn.com/2017/05/24/2-23/
Volume 2,2.29,https://wanderinginn.com/2017/05/26/2-24/
Volume 2,2.30,https://wanderinginn.com/2017/05/28/2-25/
Volume 2,2.31,https://wanderinginn.com/2017/05/31/2-26/
Volume 2,2.32 H,https://wanderinginn.com/2017/06/04/2-00-h/
Volume 2,2.33,https://wanderinginn.com/2017/06/07/2-27/
Volume 2,2.34,https://wanderinginn.com/2017/06/09/2-28/
Volume 2,2.35,https://wanderinginn.com/2017/06/11/2-29/
Volume 2,2.36 G,https://wanderinginn.com/2017/06/14/2-03-g/
Volume 2,2.37,https://wanderinginn.com/2017/06/18/2-30/
Volume 2,2.38,https://wanderinginn.com/2017/06/21/2-31/
Volume 2,Interlude – Quiet Discussions,https://wanderinginn.com/2017/06/24/interlude-3/
Volume 2,Interlude – The Antinium Wars (Pt.1),https://wanderinginn.com/2017/06/25/s02-the-antinium-wars-pt-1/
Volume 2,Interlude – The Antinium Wars (Pt.2),https://wanderinginn.com/2017/06/26/s02-the-antinium-wars-pt-2/
Volume 2,2.39,https://wanderinginn.com/2017/06/27/2-32/
Volume 2,2.40,https://wanderinginn.com/2017/07/01/2-33/
Volume 2,2.41,https://wanderinginn.com/2017/07/04/2-34/
Volume 2,2.42,https://wanderinginn.com/2017/07/08/2-35/
Volume 2,2.43,https://wanderinginn.com/2017/07/11/2-36/
Volume 2,2.44,https://wanderinginn.com/2017/07/15/2-37/
Volume 2,2.45,https://wanderinginn.com/2017/07/18/2-38/
Volume 2,2.46,https://wanderinginn.com/2017/07/22/2-39/
Volume 2,2.47,https://wanderinginn.com/2017/07/25/2-40/
Volume 2,2.48,https://wanderinginn.com/2017/07/29/2-41/
Volume 3,3.00 E,https://wanderinginn.com/2017/08/01/3-00-e/
Volume 3,3.01 E,https://wanderinginn.com/2017/08/05/3-01-e/
Volume 3,3.02 H,https://wanderinginn.com/2017/08/08/3-02-h/
Volume 3,3.03,https://wanderinginn.com/2017/08/12/3-03/
Volume 3,3.04,https://wanderinginn.com/2017/08/15/3-04/
Volume 3,3.05 L,https://wanderinginn.com/2017/08/19/3-05-l/
Volume 3,1.00 D,https://wanderinginn.com/2017/08/20/1-00-d/
Volume 3,1.01 D,https://wanderinginn.com/2017/08/21/1-01-d/
Volume 3,3.06 L,https://wanderinginn.com/2017/08/22/3-06-l/
Volume 3,3.07 H,https://wanderinginn.com/2017/08/26/3-07-h/
Volume 3,3.08 H,https://wanderinginn.com/2017/08/29/3-08-h/
Volume 3,3.09,https://wanderinginn.com/2017/09/02/3-09/
Volume 3,3.10,https://wanderinginn.com/2017/09/05/3-10/
Volume 3,3.11 E,https://wanderinginn.com/2017/09/09/3-11-e/
Volume 3,3.12 E,https://wanderinginn.com/2017/09/12/3-12-e/
Volume 3,3.13,https://wanderinginn.com/2017/09/16/3-13/
Volume 3,3.14,https://wanderinginn.com/2017/09/19/3-14/
Volume 3,3.15,https://wanderinginn.com/2017/09/23/3-15/
Volume 3,3.16,https://wanderinginn.com/2017/09/26/3-16/
Volume 3,3.17 T,https://wanderinginn.com/2017/09/27/3-17-t/
Volume 3,3.18 T,https://wanderinginn.com/2017/09/28/3-18-t/
Volume 3,3.19 T,https://wanderinginn.com/2017/09/30/3-19-t/
Volume 3,3.20 T,https://wanderinginn.com/2017/10/03/3-20-t/
Volume 3,3.21 L,https://wanderinginn.com/2017/10/07/3-21-l/
Volume 3,3.22 L,https://wanderinginn.com/2017/10/10/3-22-l/
Volume 3,3.23 L,https://wanderinginn.com/2017/10/14/3-23-l/
Volume 3,3.24,https://wanderinginn.com/2017/10/17/3-24/
Volume 3,3.25,https://wanderinginn.com/2017/10/21/3-25/
Volume 3,3.26 G,https://wanderinginn.com/2017/10/24/3-26-g/
Volume 3,3.27 M,https://wanderinginn.com/2017/10/26/3-27-m/
Volume 3,3.28 G,https://wanderinginn.com/2017/10/28/3-28-g/
Volume 3,3.29 G,https://wanderinginn.com/2017/10/31/3-29-g/
Volume 3,3.30,https://wanderinginn.com/2017/11/04/3-30/
Volume 3,3.31 G,https://wanderinginn.com/2017/11/07/3-31-g/
Volume 3,Interlude – Wistram Days (Pt. 1),https://wanderinginn.com/2017/11/09/s03-wistram-days-pt-1/
Volume 3,Interlude – Wistram Days (Pt. 2),https://wanderinginn.com/2017/11/10/s03-wistram-days-pt-2/
Volume 3,Interlude – Wistram Days (Pt. 3),https://wanderinginn.com/2017/11/11/wistram-days-pt-3/
Volume 3,Interlude – Wistram Days (Pt. 4),https://wanderinginn.com/2017/11/12/wistram-days-pt-4/
Volume 3,Interlude – Wistram Days (Pt. 5),https://wanderinginn.com/2017/11/14/wistram-days-pt-5/
Volume 3,Interlude – Wistram Days (Pt. 6),https://wanderinginn.com/2017/11/18/wistram-days-pt-6/
Volume 3,Interlude – Wistram Days (Pt. 7),https://wanderinginn.com/2017/11/21/wistram-days-pt-7/
Volume 3,3.32,https://wanderinginn.com/2017/11/25/3-32/
Volume 3,3.33,https://wanderinginn.com/2017/11/28/3-33/
Volume 3,3.34,https://wanderinginn.com/2017/12/02/3-34/
Volume 3,3.35,https://wanderinginn.com/2017/12/05/3-35/
Volume 3,3.36,https://wanderinginn.com/2017/12/09/3-36/
Volume 3,3.37,https://wanderinginn.com/2017/12/12/3-37/
Volume 3,3.38,https://wanderinginn.com/2017/12/16/3-38/
Volume 3,3.39,https://wanderinginn.com/2017/12/19/3-39/
Volume 3,3.40,https://wanderinginn.com/2017/12/23/3-40/
Volume 3,3.41,https://wanderinginn.com/2017/12/25/3-41/
Volume 3,3.42,https://wanderinginn.com/2017/12/26/3-42/
Volume 3,Interlude – Winter Solstice,https://wanderinginn.com/2017/12/30/interlude-4/
Volume 4,4.00 K,https://wanderinginn.com/2018/01/06/4-00-k/
Volume 4,4.01 K,https://wanderinginn.com/2018/01/09/4-01-k/
Volume 4,4.02 K,https://wanderinginn.com/2018/01/13/4-02-k/
Volume 4,4.03 K,https://wanderinginn.com/2018/01/16/4-03-k/
Volume 4,4.04 K,https://wanderinginn.com/2018/01/20/4-04-k/
Volume 4,4.05 K,https://wanderinginn.com/2018/01/23/4-05-k/
Volume 4,4.06 KM,https://wanderinginn.com/2018/01/27/4-06-km/
Volume 4,4.07,https://wanderinginn.com/2018/01/30/4-07/
Volume 4,4.08 T,https://wanderinginn.com/2018/02/01/4-08-t/
Volume 4,4.09,https://wanderinginn.com/2018/02/03/4-09/
Volume 4,4.10,https://wanderinginn.com/2018/02/06/4-10/
Volume 4,4.11,https://wanderinginn.com/2018/02/10/4-11/
Volume 4,4.12,https://wanderinginn.com/2018/02/13/4-12/
Volume 4,4.13 L,https://wanderinginn.com/2018/02/17/4-13-l/
Volume 4,4.14 L,https://wanderinginn.com/2018/02/20/4-14-l/
Volume 4,4.15 L,https://wanderinginn.com/2018/02/20/4-15-l/
Volume 4,4.16,https://wanderinginn.com/2018/02/24/4-16/
Volume 4,4.17,https://wanderinginn.com/2018/02/27/4-17/
Volume 4,1.02 D,https://wanderinginn.com/2018/03/01/1-02-d/
Volume 4,1.03 D,https://wanderinginn.com/2018/03/03/1-03-d/
Volume 4,1.04 D,https://wanderinginn.com/2018/03/06/1-04-d/
Volume 4,1.05 D,https://wanderinginn.com/2018/03/06/1-05-d/
Volume 4,1.06 D,https://wanderinginn.com/2018/03/10/1-06-d/
Volume 4,4.18,https://wanderinginn.com/2018/03/13/4-18/
Volume 4,4.19,https://wanderinginn.com/2018/03/17/4-19/
Volume 4,4.20 E,https://wanderinginn.com/2018/03/20/4-20-e/
Volume 4,4.21 E,https://wanderinginn.com/2018/03/24/4-21-e/
Volume 4,4.22 E,https://wanderinginn.com/2018/03/27/4-22-e/
Volume 4,4.23 E,https://wanderinginn.com/2018/03/27/4-23-e/
Volume 4,4.24,https://wanderinginn.com/2018/03/31/4-24/
Volume 4,4.25 N,https://wanderinginn.com/2018/04/03/4-25-n/
Volume 4,4.26 M,https://wanderinginn.com/2018/04/07/4-26-m/
Volume 4,4.27 H,https://wanderinginn.com/2018/04/10/4-27-h/
Volume 4,4.28,https://wanderinginn.com/2018/04/14/4-28/
Volume 4,4.29,https://wanderinginn.com/2018/04/17/4-29/
Volume 4,4.30,https://wanderinginn.com/2018/04/21/4-30/
Volume 4,4.31,https://wanderinginn.com/2018/04/24/4-31/
Volume 4,4.32 G,https://wanderinginn.com/2018/04/28/4-32-g/
Volume 4,1.02 C,https://wanderinginn.com/2018/05/01/1-02-d-2/
Volume 4,1.03 C,https://wanderinginn.com/2018/05/01/1-03-d-2/
Volume 4,1.04 C,https://wanderinginn.com/2018/05/05/1-04-c/
Volume 4,1.05 C,https://wanderinginn.com/2018/05/05/1-05-c/
Volume 4,4.33,https://wanderinginn.com/2018/05/08/4-33/
Volume 4,4.34,https://wanderinginn.com/2018/05/12/4-34/
Volume 4,4.35 E,https://wanderinginn.com/2018/05/15/4-35-e/
Volume 4,4.36 O,https://wanderinginn.com/2018/05/17/4-36-o/
Volume 4,4.37 O,https://wanderinginn.com/2018/05/19/4-37-o/
Volume 4,4.38 B,https://wanderinginn.com/2018/05/22/4-38-n/
Volume 4,4.39 G,https://wanderinginn.com/2018/05/26/4-39-g/
Volume 4,4.40 L,https://wanderinginn.com/2018/05/29/4-40-l/
Volume 4,4.41 L,https://wanderinginn.com/2018/06/02/4-41-l/
Volume 4,4.42 L,https://wanderinginn.com/2018/06/02/4-42-l/
Volume 4,4.43,https://wanderinginn.com/2018/06/05/4-43/
Volume 4,4.44 M,https://wanderinginn.com/2018/06/09/4-44-m/
Volume 4,4.45,https://wanderinginn.com/2018/06/12/4-45/
Volume 4,4.46,https://wanderinginn.com/2018/06/16/4-46/
Volume 4,4.47,https://wanderinginn.com/2018/06/19/4-47/
Volume 4,Interlude – The Antinium Wars (Pt.3),https://wanderinginn.com/2018/06/23/s02-the-antinium-wars-pt-3/
Volume 4,Interlude – The Antinium Wars (Pt.4),https://wanderinginn.com/2018/06/26/s02-the-antinium-wars-pt-4/
Volume 4,Interlude – The Antinium Wars (Pt.5),https://wanderinginn.com/2018/06/26/s02-the-antinium-wars-pt-5/
Volume 4,4.48,https://wanderinginn.com/2018/06/29/4-48/
Volume 4,4.49,https://wanderinginn.com/2018/07/07/4-49/
Volume 4,The Depthless Doctor,https://wanderinginn.com/2018/07/09/the-depthless-doctor/
Volume 5,5.00,https://wanderinginn.com/2018/07/10/5-00/
Volume 5,5.01,https://wanderinginn.com/2018/07/14/5-01/
Volume 5,5.02,https://wanderinginn.com/2018/07/17/5-02/
Volume 5,5.03,https://wanderinginn.com/2018/07/21/5-03/
Volume 5,5.04,https://wanderinginn.com/2018/07/21/5-04/
Volume 5,5.05,https://wanderinginn.com/2018/07/24/5-05/
Volume 5,5.06 M,https://wanderinginn.com/2018/07/27/5-06-m/
Volume 5,5.07,https://wanderinginn.com/2018/07/28/5-07/
Volume 5,5.08,https://wanderinginn.com/2018/07/31/5-08/
Volume 5,Interlude – Flos,https://wanderinginn.com/2018/08/04/interlude-flos/
Volume 5,5.09 E,https://wanderinginn.com/2018/08/07/5-09-e/
Volume 5,5.10 E,https://wanderinginn.com/2018/08/11/5-10-e/
Volume 5,5.11 E,https://wanderinginn.com/2018/08/14/5-11-e/
Volume 5,5.12,https://wanderinginn.com/2018/08/18/5-12/
Volume 5,5.13,https://wanderinginn.com/2018/08/21/5-13/
Volume 5,5.14,https://wanderinginn.com/2018/08/25/5-14/
Volume 5,5.15,https://wanderinginn.com/2018/08/28/5-15/
Volume 5,5.16 S,https://wanderinginn.com/2018/09/01/5-16-s/
Volume 5,5.17 S,https://wanderinginn.com/2018/09/01/5-17-s/
Volume 5,5.18 S,https://wanderinginn.com/2018/09/04/5-18-s/
Volume 5,5.19 G,https://wanderinginn.com/2018/09/08/5-19-g/
Volume 5,5.20 G,https://wanderinginn.com/2018/09/11/5-20-g/
Volume 5,5.21 E,https://wanderinginn.com/2018/09/15/5-21-e/
Volume 5,5.22 G,https://wanderinginn.com/2018/09/18/5-22-g/
Volume 5,5.23 G,https://wanderinginn.com/2018/09/22/5-23-g/
Volume 5,5.24 L,https://wanderinginn.com/2018/09/29/5-24-l/
Volume 5,5.25 L,https://wanderinginn.com/2018/10/02/5-25-l/
Volume 5,5.26 L,https://wanderinginn.com/2018/10/06/5-26-l/
Volume 5,5.27,https://wanderinginn.com/2018/10/09/5-27/
Volume 5,5.28,https://wanderinginn.com/2018/10/13/5-28/
Volume 5,5.29,https://wanderinginn.com/2018/10/16/5-29/
Volume 5,5.30 G,https://wanderinginn.com/2018/10/20/5-30-g/
Volume 5,5.31 G,https://wanderinginn.com/2018/10/23/5-31-g/
Volume 5,5.32 G,https://wanderinginn.com/2018/10/27/5-32-g/
Volume 5,5.33 B,https://wanderinginn.com/2018/10/30/5-33-b/
Volume 5,Interlude – Blackmage,https://wanderinginn.com/2018/11/01/interlude-blackmage/
Volume 5,5.34,https://wanderinginn.com/2018/11/03/5-34/
Volume 5,5.35 H,https://wanderinginn.com/2018/11/06/5-35-h/
Volume 5,5.36,https://wanderinginn.com/2018/11/10/5-36/
Volume 5,5.37 G,https://wanderinginn.com/2018/11/13/5-37-g/
Volume 5,5.38,https://wanderinginn.com/2018/11/17/5-38/
Volume 5,5.39,https://wanderinginn.com/2018/11/20/5-39/
Volume 5,5.40,https://wanderinginn.com/2018/11/24/5-40/
Volume 5,5.41,https://wanderinginn.com/2018/11/27/5-41/
Volume 5,5.42,https://wanderinginn.com/2018/12/01/5-42/
Volume 5,5.43,https://wanderinginn.com/2018/12/04/5-43/
Volume 5,Interlude – Niers,https://wanderinginn.com/2018/12/06/interlude-niers/
Volume 5,5.44,https://wanderinginn.com/2018/12/08/5-44/
Volume 5,5.45,https://wanderinginn.com/2018/12/11/5-45/
Volume 5,5.46,https://wanderinginn.com/2018/12/15/5-46/
Volume 5,5.47 G,https://wanderinginn.com/2018/12/18/5-47-g/
Volume 5,5.48 G,https://wanderinginn.com/2018/12/22/5-48-g/
Volume 5,5.49,https://wanderinginn.com/2018/12/25/5-49/
Volume 5,5.50 G,https://wanderinginn.com/2018/12/29/5-50-g/
Volume 5,Interlude – Bird,https://wanderinginn.com/2018/12/30/interlude-bird/
Volume 5,5.51 G,https://wanderinginn.com/2019/01/08/5-51-g/
Volume 5,5.52,https://wanderinginn.com/2019/01/12/5-52/
Volume 5,5.53,https://wanderinginn.com/2019/01/15/5-53/
Volume 5,5.54 (Non-Canon),https://wanderinginn.com/2019/01/19/5-54/
Volume 5,5.54,https://wanderinginn.com/2019/01/22/5-54-2/
Volume 5,Interlude – Krshia,https://wanderinginn.com/2019/01/26/interlude-krshia/
Volume 5,5.55 G,https://wanderinginn.com/2019/01/29/5-55-g/
Volume 5,5.56 G,https://wanderinginn.com/2019/02/02/5-56-g/
Volume 5,5.57,https://wanderinginn.com/2019/02/05/5-57/
Volume 5,5.58,https://wanderinginn.com/2019/02/09/5-58/
Volume 5,5.59,https://wanderinginn.com/2019/02/12/5-59/
Volume 5,Interlude – Pebblesnatch and Garry,https://wanderinginn.com/2019/02/16/interlude-pebblesnatch-and-garry/
Volume 5,5.60,https://wanderinginn.com/2019/02/16/5-60/
Volume 5,5.61,https://wanderinginn.com/2019/02/19/5-61/
Volume 5,5.62,https://wanderinginn.com/2019/02/26/5-62/
Volume 5,Interlude – Thereafter,https://wanderinginn.com/2019/03/02/interlude-5/
Volume 6,6.00,https://wanderinginn.com/2019/03/19/6-00/
Volume 6,6.01,https://wanderinginn.com/2019/03/23/6-01/
Volume 6,6.02,https://wanderinginn.com/2019/03/26/6-02/
Volume 6,6.03,https://wanderinginn.com/2019/03/30/6-03/
Volume 6,6.04 D,https://wanderinginn.com/2019/04/02/6-04-d/
Volume 6,6.05 D,https://wanderinginn.com/2019/04/06/6-05-d/
Volume 6,6.06 D,https://wanderinginn.com/2019/04/09/6-06-d/
Volume 6,6.07 D,https://wanderinginn.com/2019/04/13/6-07-d/
Volume 6,6.08,https://wanderinginn.com/2019/04/16/6-08/
Volume 6,6.09,https://wanderinginn.com/2019/04/20/6-09/
Volume 6,6.10,https://wanderinginn.com/2019/04/23/6-10/
Volume 6,6.11,https://wanderinginn.com/2019/04/27/6-11/
Volume 6,6.12 K,https://wanderinginn.com/2019/04/30/6-12-k/
Volume 6,6.13 K,https://wanderinginn.com/2019/05/04/6-13-k/
Volume 6,6.14 K,https://wanderinginn.com/2019/05/07/6-14-k/
Volume 6,6.15 K,https://wanderinginn.com/2019/05/11/6-15-k/
Volume 6,6.16,https://wanderinginn.com/2019/05/14/6-16/
Volume 6,6.17 S,https://wanderinginn.com/2019/05/18/6-17-s/
Volume 6,6.18 H,https://wanderinginn.com/2019/05/21/6-18-h/
Volume 6,6.19 H,https://wanderinginn.com/2019/05/25/6-19-h/
Volume 6,6.20 D,https://wanderinginn.com/2019/05/28/6-20-d/
Volume 6,6.21 D,https://wanderinginn.com/2019/06/01/5-21-d/
Volume 6,6.22 D,https://wanderinginn.com/2019/06/04/6-22-d/
Volume 6,6.23 D,https://wanderinginn.com/2019/06/08/6-23-d/
Volume 6,6.24 D,https://wanderinginn.com/2019/06/11/6-24-d/
Volume 6,6.25,https://wanderinginn.com/2019/06/15/6-25/
Volume 6,6.26,https://wanderinginn.com/2019/06/18/6-26/
Volume 6,6.27 M,https://wanderinginn.com/2019/06/22/6-27-m/
Volume 6,6.28,https://wanderinginn.com/2019/06/25/6-28/
Volume 6,6.29,https://wanderinginn.com/2019/06/29/6-29/
Volume 6,Interlude – Embria,https://wanderinginn.com/2019/07/02/interlude-embria/
Volume 6,6.30,https://wanderinginn.com/2019/07/13/6-30/
Volume 6,6.31,https://wanderinginn.com/2019/07/16/6-31/
Volume 6,6.32,https://wanderinginn.com/2019/07/20/6-32/
Volume 6,6.33 E,https://wanderinginn.com/2019/07/23/6-33-e/
Volume 6,6.34 E,https://wanderinginn.com/2019/07/27/6-34-e/
Volume 6,Interlude – Numbtongue (Pt.1),https://wanderinginn.com/2019/07/30/interlude-numbtongue-pt-1/
Volume 6,Interlude – Numbtongue (Pt.2),https://wanderinginn.com/2019/08/03/interlude-numbtongue-pt-2/
Volume 6,6.35,https://wanderinginn.com/2019/08/06/6-35/
Volume 6,6.36 E,https://wanderinginn.com/2019/08/10/6-36-e/
Volume 6,6.37 E,https://wanderinginn.com/2019/08/13/6-37-e/
Volume 6,6.38,https://wanderinginn.com/2019/08/17/6-38/
Volume 6,6.39,https://wanderinginn.com/2019/08/20/6-39/
Volume 6,6.40 E,https://wanderinginn.com/2019/08/24/6-40-e/
Volume 6,6.41 E,https://wanderinginn.com/2019/08/27/6-41-e/
Volume 6,Interlude – Two Rats,https://wanderinginn.com/2019/08/31/interlude-two-rats/
Volume 6,Interlude – Rufelt,https://wanderinginn.com/2019/09/03/interlude-rufelt/
Volume 6,6.42 E,https://wanderinginn.com/2019/09/07/6-42-e/
Volume 6,6.43 E,https://wanderinginn.com/2019/09/10/6-43-e/
Volume 6,6.44 E,https://wanderinginn.com/2019/09/14/6-44-e/
Volume 6,6.45 E,https://wanderinginn.com/2019/09/17/6-45-e/
Volume 6,6.46 E,https://wanderinginn.com/2019/09/21/6-46-e/
Volume 6,6.47 E,https://wanderinginn.com/2019/09/24/6-47-e/
Volume 6,6.48 T,https://wanderinginn.com/2019/10/12/6-48-t/
Volume 6,6.49,https://wanderinginn.com/2019/10/15/6-49/
Volume 6,6.50 I,https://wanderinginn.com/2019/10/19/6-50-i/
Volume 6,6.51 A,https://wanderinginn.com/2019/10/22/6-51-a/
Volume 6,6.52 K,https://wanderinginn.com/2019/10/26/6-52-k/
Volume 6,6.53 K,https://wanderinginn.com/2019/10/29/6-53-k/
Volume 6,6.54 K,https://wanderinginn.com/2019/11/02/6-54-k/
Volume 6,6.55 K,https://wanderinginn.com/2019/11/05/6-55-k/
Volume 6,Interlude – The Titan’s Question,https://wanderinginn.com/2019/11/09/interlude-the-titans-question/
Volume 6,6.56,https://wanderinginn.com/2019/11/12/6-56/
Volume 6,6.57,https://wanderinginn.com/2019/11/16/6-57/
Volume 6,6.58,https://wanderinginn.com/2019/11/19/6-58/
Volume 6,6.59,https://wanderinginn.com/2019/11/23/6-59/
Volume 6,6.60,https://wanderinginn.com/2019/11/26/6-60/
Volume 6,Interlude – Talia,https://wanderinginn.com/2019/11/30/interlude-talia/
Volume 6,6.61 L,https://wanderinginn.com/2019/12/03/6-61-l/
Volume 6,6.62 L,https://wanderinginn.com/2019/12/07/6-62-l/
Volume 6,Interlude – Foliana,https://wanderinginn.com/2019/12/11/interlude-foliana/
Volume 6,6.63 P,https://wanderinginn.com/2019/12/14/6-63-p/
Volume 6,6.64,https://wanderinginn.com/2019/12/18/6-64/
Volume 6,6.65,https://wanderinginn.com/2019/12/22/6-65/
Volume 6,6.66 H,https://wanderinginn.com/2019/12/25/6-66-h/
Volume 6,6.67,https://wanderinginn.com/2019/12/29/6-67/
Volume 6,6.68,https://wanderinginn.com/2020/01/01/6-68/
Volume 7,7.00,https://wanderinginn.com/2020/01/19/7-00/
Volume 7,7.01,https://wanderinginn.com/2020/01/22/7-01/
Volume 7,7.02,https://wanderinginn.com/2020/01/26/7-02/
Volume 7,7.03,https://wanderinginn.com/2020/01/29/7-03/
Volume 7,Mini Stories – Crabs and Drinks,https://wanderinginn.com/2020/01/30/mini-stories-crabs-and-drinks/
Volume 7,7.04,https://wanderinginn.com/2020/02/01/7-04/
Volume 7,Interlude – Queens and Dragons,https://wanderinginn.com/2020/02/04/interlude-queens-and-dragons/
Volume 7,7.05 P,https://wanderinginn.com/2020/02/09/7-05-p/
Volume 7,7.06,https://wanderinginn.com/2020/02/12/7-06/
Volume 7,7.07,https://wanderinginn.com/2020/02/16/7-07/
Volume 7,7.08 K,https://wanderinginn.com/2020/02/19/7-08-k/
Volume 7,7.09 K,https://wanderinginn.com/2020/02/23/7-09-k/
Volume 7,7.10 K,https://wanderinginn.com/2020/02/26/7-10-k/
Volume 7,7.11,https://wanderinginn.com/2020/03/01/7-11/
Volume 7,Interlude – Dancing and Brawling,https://wanderinginn.com/2020/03/03/interlude-dancing-and-brawling/
Volume 7,Interlude – Chocolate Gold,https://wanderinginn.com/2020/03/04/interlude-chocolate-gold/
Volume 7,Interlude – Chess and Ships,https://wanderinginn.com/2020/03/05/interlude-chess-and-ships/
Volume 7,Interlude – Chocolate Alchemy,https://wanderinginn.com/2020/03/06/interlude-chocolate-alchemy/
Volume 7,Interlude – Lifting Ants,https://wanderinginn.com/2020/03/07/interlude-lifting-ants/
Volume 7,Interlude – Burning Alcohol,https://wanderinginn.com/2020/03/08/interlude-burning-alcohol/
Volume 7,Interlude – The Hangover After,https://wanderinginn.com/2020/03/09/interlude-the-hangover-after/
Volume 7,7.12 G,https://wanderinginn.com/2020/03/15/7-12-g/
Volume 7,7.13 K,https://wanderinginn.com/2020/03/18/7-13-k/
Volume 7,Mating Rituals Pt.2,https://wanderinginn.com/2020/03/21/mating-rituals-pt-2/
Volume 7,7.14 T,https://wanderinginn.com/2020/03/24/7-14-t/
Volume 7,7.15 R,https://wanderinginn.com/2020/03/29/7-15-r/
Volume 7,7.16 L,https://wanderinginn.com/2020/03/31/7-16-l/
Volume 7,7.17 S,https://wanderinginn.com/2020/04/12/7-17-s/
Volume 7,7.18 M,https://wanderinginn.com/2020/04/15/7-18-m/
Volume 7,Interlude – Strategists at Sea (Pt. 1),https://wanderinginn.com/2020/04/19/interlude-strategists-at-sea-pt-1/
Volume 7,Interlude – Strategists at Sea (Pt. 2),https://wanderinginn.com/2020/04/22/interlude-strategists-at-sea-pt-2/
Volume 7,7.19,https://wanderinginn.com/2020/04/26/7-19/
Volume 7,7.20,https://wanderinginn.com/2020/04/29/7-20/
Volume 7,Interlude – A Night in the Inn,https://wanderinginn.com/2020/05/03/interlude-a-night-in-the-inn/
Volume 7,7.21 KQ,https://wanderinginn.com/2020/05/06/7-21-kq/
Volume 7,7.22 D,https://wanderinginn.com/2020/05/10/7-22-d/
Volume 7,7.23 LM,https://wanderinginn.com/2020/05/13/7-23-lm/
Volume 7,7.24,https://wanderinginn.com/2020/05/24/7-24/
Volume 7,7.25,https://wanderinginn.com/2020/05/27/7-25/
Volume 7,7.26,https://wanderinginn.com/2020/05/31/7-26/
Volume 7,7.27,https://wanderinginn.com/2020/06/03/7-27/
Volume 7,Interlude – The Gecko of Illusions,https://wanderinginn.com/2020/06/07/interlude-the-gecko-of-illusions/
Volume 7,7.28,https://wanderinginn.com/2020/06/10/7-28/
Volume 7,7.29 B,https://wanderinginn.com/2020/06/14/7-29-b/
Volume 7,7.30,https://wanderinginn.com/2020/06/24/7-30/
Volume 7,7.31,https://wanderinginn.com/2020/06/28/7-31/
Volume 7,Interlude – A Meeting of [Druids],https://wanderinginn.com/2020/07/01/interlude-a-meeting-of-druids/
Volume 7,7.32 D,https://wanderinginn.com/2020/07/05/7-32-d/
Volume 7,7.33 I,https://wanderinginn.com/2020/07/08/7-33-i/
Volume 7,7.34 C,https://wanderinginn.com/2020/07/12/7-34-c/
Volume 7,7.35 C,https://wanderinginn.com/2020/07/15/7-35-c/
Volume 7,7.36 C,https://wanderinginn.com/2020/07/19/7-36-c/
Volume 7,7.37,https://wanderinginn.com/2020/07/29/7-37/
Volume 7,7.38,https://wanderinginn.com/2020/08/02/7-38/
Volume 7,7.39 A,https://wanderinginn.com/2020/08/05/7-39-a/
Volume 7,Interlude – Carriages and Conversations,https://wanderinginn.com/2020/08/08/interlude-carriages-and-conversations/
Volume 7,Interlude – Meetings and Friendships,https://wanderinginn.com/2020/08/09/interlude-meetings-and-friendships/
Volume 7,Interlude – Sand and Notes,https://wanderinginn.com/2020/08/10/interlude-sand-and-notes/
Volume 7,7.40 ER,https://wanderinginn.com/2020/08/11/7-40-er/
Volume 7,Interlude – Food and Growth,https://wanderinginn.com/2020/08/12/interlude-food-and-growth/
Volume 7,7.41,https://wanderinginn.com/2020/08/13/7-41/
Volume 7,7.42 M,https://wanderinginn.com/2020/08/14/7-42-m/
Volume 7,7.43 G,https://wanderinginn.com/2020/09/02/7-43-g/
Volume 7,7.44,https://wanderinginn.com/2020/09/06/7-44/
Volume 7,7.45,https://wanderinginn.com/2020/09/09/7-45/
Volume 7,7.46 K,https://wanderinginn.com/2020/09/13/7-46-k/
Volume 7,7.47 K,https://wanderinginn.com/2020/09/16/7-47-k/
Volume 7,7.48 K,https://wanderinginn.com/2020/09/20/7-48-k/
Volume 7,7.49,https://wanderinginn.com/2020/09/23/7-49/
Volume 7,Interlude – Experiments in Golems,https://wanderinginn.com/2020/10/04/interlude-experiments-in-golems/
Volume 7,7.50,https://wanderinginn.com/2020/10/07/7-50/
Volume 7,7.51,https://wanderinginn.com/2020/10/11/7-51/
Volume 7,7.52,https://wanderinginn.com/2020/10/14/7-52/
Volume 7,7.53,https://wanderinginn.com/2020/10/18/7-53/
Volume 7,7.54,https://wanderinginn.com/2020/10/20/7-54/
Volume 7,7.55 E,https://wanderinginn.com/2020/10/25/7-55-e/
Volume 7,Interlude – Saliss the Adventurer,https://wanderinginn.com/2020/11/04/interlude-saliss-the-adventurer/
Volume 7,7.56,https://wanderinginn.com/2020/11/08/7-56/
Volume 7,7.57,https://wanderinginn.com/2020/11/11/7-57/
Volume 7,7.58,https://wanderinginn.com/2020/11/15/7-58/
Volume 7,7.59,https://wanderinginn.com/2020/11/18/7-59/
Volume 7,7.60,https://wanderinginn.com/2020/11/22/7-60/
Volume 7,Interlude – The Tribes of Izril,https://wanderinginn.com/2020/11/25/interlude-the-tribes-of-izril/
Volume 7,Interlude – The Innkeeper’s [Knight],https://wanderinginn.com/2020/12/06/interlude-the-innkeepers-knight/
Volume 7,7.61,https://wanderinginn.com/2020/12/09/7-61/
Volume 7,7.62,https://wanderinginn.com/2020/12/13/7-62/
Volume 7,Solstice (Pt. 1),https://wanderinginn.com/2020/12/16/solstice-pt-1/
Volume 7,Solstice (Pt. 2),https://wanderinginn.com/2020/12/20/solstice-pt-2/
Volume 7,Solstice (Pt. 3),https://wanderinginn.com/2020/12/23/solstice-pt-3/
Volume 7,Solstice (Pt. 4),https://wanderinginn.com/2020/12/23/solstice-pt-4/
Volume 7,Solstice (Pt. 5),https://wanderinginn.com/2020/12/23/solstice-pt-5/
Volume 7,Solstice (Pt. 6),https://wanderinginn.com/2020/12/23/solstice-pt-6/
Volume 7,Solstice (Pt. 7),https://wanderinginn.com/2020/12/23/solstice-pt-7/
Volume 7,Solstice (Pt. 8),https://wanderinginn.com/2020/12/23/solstice-pt-8/
Volume 7,Solstice (Pt. 9),https://wanderinginn.com/2020/12/23/solstice-pt-9/
Volume 8,8.00,https://wanderinginn.com/2021/01/10/8-00/
Volume 8,8.01,https://wanderinginn.com/2021/01/13/8-01/
Volume 8,8.02,https://wanderinginn.com/2021/01/17/8-02/
Volume 8,8.03,https://wanderinginn.com/2021/01/20/8-03/
Volume 8,Interlude – The Revenant and the Naga,https://wanderinginn.com/2021/01/24/interlude-the-revenant-and-the-naga/
Volume 8,8.04 T,https://wanderinginn.com/2021/01/27/8-04-t/
Volume 8,8.05 I,https://wanderinginn.com/2021/02/07/8-05-i/
Volume 8,8.06 RT,https://wanderinginn.com/2021/02/10/8-06-rt/
Volume 8,8.07 L,https://wanderinginn.com/2021/02/14/8-07-l/
Volume 8,8.08 J,https://wanderinginn.com/2021/02/17/8-08-j/
Volume 8,8.09,https://wanderinginn.com/2021/02/21/8-09/
Volume 8,8.10,https://wanderinginn.com/2021/02/24/8-10/
Volume 8,8.11 E (Revised),https://wanderinginn.com/2021/03/07/8-11-e-revised/
Volume 8,8.12 T,https://wanderinginn.com/2021/03/10/8-12-t/
Volume 8,Interlude – The [Rower] and the [Bartender],https://wanderinginn.com/2021/03/14/interlude-the-rower-and-the-bartender/
Volume 8,8.13 F,https://wanderinginn.com/2021/03/17/8-13-f/
Volume 8,8.14 N,https://wanderinginn.com/2021/03/21/8-14-n/
Volume 8,8.15,https://wanderinginn.com/2021/03/30/8-15/
Volume 8,Interlude – Paradigm Shift (Pt. 1),https://wanderinginn.com/2021/04/04/interlude-paradigm-shift-pt-1/
Volume 8,Interlude – Paradigm Shift (Pt. 2),https://wanderinginn.com/2021/04/04/interlude-paradigm-shift-pt-2/
Volume 8,8.16,https://wanderinginn.com/2021/04/10/8-16/
Volume 8,8.17 H,https://wanderinginn.com/2021/04/13/8-17-h/
Volume 8,8.18 H,https://wanderinginn.com/2021/04/25/8-18-h/
Volume 8,8.19 H,https://wanderinginn.com/2021/04/28/8-19-h/
Volume 8,8.20,https://wanderinginn.com/2021/05/02/8-20/
Volume 8,8.21 L,https://wanderinginn.com/2021/05/04/8-21-l/
Volume 8,8.22 HE,https://wanderinginn.com/2021/05/11/8-22-he/
Volume 8,Interlude – Senior Guardsman Relc,https://wanderinginn.com/2021/05/16/interlude-senior-guardsman-relc/
Volume 8,8.23,https://wanderinginn.com/2021/05/19/8-23/
Volume 8,8.24,https://wanderinginn.com/2021/05/30/8-24/
Volume 8,8.25 KH,https://wanderinginn.com/2021/06/02/8-25-kh/
Volume 8,8.26 FK,https://wanderinginn.com/2021/06/06/8-26-fk/
Volume 8,Interlude – Luan the Giant,https://wanderinginn.com/2021/06/08/interlude-luan-the-giant/
Volume 8,8.27,https://wanderinginn.com/2021/06/12/8-27/
Volume 8,8.28,https://wanderinginn.com/2021/06/19/8-28/
Volume 8,8.29,https://wanderinginn.com/2021/06/22/8-29/
Volume 8,Interlude – The Pets of Innworld,https://wanderinginn.com/2021/06/26/interlude-the-pets-of-innworld/
Volume 8,8.30,https://wanderinginn.com/2021/07/13/8-30/
Volume 8,8.31,https://wanderinginn.com/2021/07/18/8-31/
Volume 8,Interlude – Pisces (Revised),https://wanderinginn.com/2021/07/20/interlude-pisces-revised/
Volume 8,8.32,https://wanderinginn.com/2021/07/25/8-32/
Volume 8,8.33 R,https://wanderinginn.com/2021/07/28/8-33-r/
Volume 8,8.34 R,https://wanderinginn.com/2021/08/01/8-34-r/
Volume 8,8.35,https://wanderinginn.com/2021/08/04/8-35/
Volume 8,8.36 H,https://wanderinginn.com/2021/08/15/8-36-h/
Volume 8,8.37 H,https://wanderinginn.com/2021/08/17/8-37-h/
Volume 8,8.38 H,https://wanderinginn.com/2021/08/22/8-38-h/
Volume 8,8.39,https://wanderinginn.com/2021/08/24/8-39/
Volume 8,8.40 CTV,https://wanderinginn.com/2021/08/29/8-40-ctv/
Volume 8,Interlude – Of Vampires and Fraerlings,https://wanderinginn.com/2021/08/31/interlude-of-vampires-and-fraerlings/
Volume 8,8.41,https://wanderinginn.com/2021/09/04/8-41/
Volume 8,Interlude – Songs and Stories,https://wanderinginn.com/2021/09/15/interlude-songs-and-stories/
Volume 8,8.42,https://wanderinginn.com/2021/09/19/8-42/
Volume 8,8.43,https://wanderinginn.com/2021/09/22/8-43/
Volume 8,8.44 O,https://wanderinginn.com/2021/09/26/8-44-o/
Volume 8,8.45 O,https://wanderinginn.com/2021/09/26/8-45-o/
Volume 8,8.46 G,https://wanderinginn.com/2021/10/03/8-46-g/
Volume 8,Interlude – Perspective and Past,https://wanderinginn.com/2021/10/06/interlude-perspective-and-past/
Volume 8,8.47 H,https://wanderinginn.com/2021/10/19/8-47-h/
Volume 8,8.48 H,https://wanderinginn.com/2021/10/24/8-48-h/
Volume 8,8.49 M – Revised,https://wanderinginn.com/2021/10/27/8-49-m-revised/
Volume 8,8.50,https://wanderinginn.com/2021/10/31/8-50/
Volume 8,Interlude – Conversations,https://wanderinginn.com/2021/11/03/interlude-conversations/
Volume 8,8.51 D,https://wanderinginn.com/2021/11/14/8-51-d/
Volume 8,8.52 MN,https://wanderinginn.com/2021/11/17/8-52-mn/
Volume 8,8.53 FH,https://wanderinginn.com/2021/11/21/8-53-fh/
Volume 8,8.54 H,https://wanderinginn.com/2021/12/01/8-54-h/
Volume 8,8.55 L,https://wanderinginn.com/2021/12/05/8-55-l/
Volume 8,8.56,https://wanderinginn.com/2021/12/08/8-56/
Volume 8,8.57 H,https://wanderinginn.com/2021/12/12/8-57-h/
Volume 8,8.58 PFH,https://wanderinginn.com/2021/12/15/8-58-pfh/
Volume 8,8.59 H,https://wanderinginn.com/2021/12/22/8-59-h/
Volume 8,8.60,https://wanderinginn.com/2021/12/26/8-60/
Volume 8,8.61,https://wanderinginn.com/2021/12/29/8-61/
Volume 8,8.62 K,https://wanderinginn.com/2022/01/16/8-62-k/
Volume 8,8.63 K,https://wanderinginn.com/2022/01/19/8-63-k/
Volume 8,8.64 K,https://wanderinginn.com/2022/01/23/8-64-k/
Volume 8,8.65,https://wanderinginn.com/2022/01/30/8-65/
Volume 8,Interlude – Hectval (Pt. 1),https://wanderinginn.com/2022/02/09/interlude-hectval-pt-1/
Volume 8,Interlude – Hectval (Pt. 2),https://wanderinginn.com/2022/02/13/interlude-hectval-pt-2/
Volume 8,Interlude – Hectval (Pt. 3),https://wanderinginn.com/2022/02/16/interlude-hectval-pt-3/
Volume 8,Interlude – Satar,https://wanderinginn.com/2022/02/20/interlude-satar/
Volume 8,8.66,https://wanderinginn.com/2022/02/23/8-66/
Volume 8,8.67,https://wanderinginn.com/2022/02/27/8-67/
Volume 8,8.68,https://wanderinginn.com/2022/03/09/8-68/
Volume 8,8.69 T,https://wanderinginn.com/2022/03/12/8-69-te/
Volume 8,8.70 E,https://wanderinginn.com/2022/03/13/8-70-e/
Volume 8,8.71,https://wanderinginn.com/2022/03/14/8-71/
Volume 8,8.72,https://wanderinginn.com/2022/03/15/8-72/
Volume 8,8.73 R,https://wanderinginn.com/2022/03/16/8-73-r/
Volume 8,8.74 DR,https://wanderinginn.com/2022/03/17/8-74-dr/
Volume 8,8.75,https://wanderinginn.com/2022/03/18/8-75/
Volume 8,8.76 B,https://wanderinginn.com/2022/03/27/8-76-b/
Volume 8,8.77 B,https://wanderinginn.com/2022/03/30/8-77-b/
Volume 8,8.78 F,https://wanderinginn.com/2022/04/10/8-78-f/
Volume 8,8.79,https://wanderinginn.com/2022/04/13/8-79/
Volume 8,8.80,https://wanderinginn.com/2022/04/17/8-80/
Volume 8,8.81,https://wanderinginn.com/2022/04/20/8-81/
Volume 8,8.82 (Pt. 1),https://wanderinginn.com/2022/04/26/8-82-pt-1/
Volume 8,8.82 (Pt. 2),https://wanderinginn.com/2022/04/26/8-82-pt-2/
Volume 8,8.82 (Pt. 3),https://wanderinginn.com/2022/04/26/8-82-pt-3/
Volume 8,8.83,https://wanderinginn.com/2022/05/03/8-83/
Volume 8,8.84,https://wanderinginn.com/2022/05/03/8-84/
Volume 8,8.85,https://wanderinginn.com/2022/05/03/8-85/
Volume 8,Epilogue,https://wanderinginn.com/2022/05/03/epilogue/
Volume 9,9.00,https://wanderinginn.com/2022/06/03/9-00/
Volume 9,9.01,https://wanderinginn.com/2022/06/07/9-01/
Volume 9,9.02,https://wanderinginn.com/2022/06/11/9-02/
Volume 9,Interlude – Singing Ships,https://wanderinginn.com/2022/06/18/interlude-singing-ships/
Volume 9,9.03,https://wanderinginn.com/2022/06/28/9-03/
Volume 9,9.04,https://wanderinginn.com/2022/07/02/9-04/
Volume 9,Interlude – The Isles of Goblin and Minos,https://wanderinginn.com/2022/07/05/interlude-the-isles-of-goblin-and-minos/
Volume 9,9.05 NPR,https://wanderinginn.com/2022/07/10/9-05-npr/
Volume 9,9.06,https://wanderinginn.com/2022/07/12/9-06/
Volume 9,9.07,https://wanderinginn.com/2022/07/17/9-07/
Volume 9,9.08,https://wanderinginn.com/2022/07/19/9-08/
Volume 9,Interlude – Mundanity and Memorials,https://wanderinginn.com/2022/07/30/interlude-mundanity-and-memorials/
Volume 9,Interlude – The Competition,https://wanderinginn.com/2022/08/06/interlude-the-competition/
Volume 9,9.09 P,https://wanderinginn.com/2022/08/20/9-09-p/
Volume 9,9.10 W,https://wanderinginn.com/2022/08/23/9-10-w/
Volume 9,9.11 W,https://wanderinginn.com/2022/08/27/9-11-w/
Volume 9,9.12,https://wanderinginn.com/2022/08/30/9-12/
Volume 9,9.13,https://wanderinginn.com/2022/09/04/9-13/
Volume 9,9.14 VM,https://wanderinginn.com/2022/09/06/9-14-vm/
Volume 9,9.15 VM,https://wanderinginn.com/2022/09/10/9-15-vm/
Volume 9,9.16 R,https://wanderinginn.com/2022/09/21/9-16-r/
Volume 9,9.17 R,https://wanderinginn.com/2022/09/25/9-17-r/
Volume 9,Interlude – The Great Race,https://wanderinginn.com/2022/09/28/interlude-the-great-race/
Volume 9,9.18 E,https://wanderinginn.com/2022/10/02/9-19-e/
Volume 9,Interlude – Relationships,https://wanderinginn.com/2022/10/05/interlude-relationships/
Volume 9,9.19,https://wanderinginn.com/2022/10/09/9-19/
Volume 9,9.20,https://wanderinginn.com/2022/10/12/9-20/
Volume 9,Interlude – Death and Stitches,https://wanderinginn.com/2022/10/16/interlude-death-and-stitches/
Volume 9,9.21,https://wanderinginn.com/2022/10/26/9-21/
Volume 9,9.22 GN,https://wanderinginn.com/2022/10/30/9-22-gn/
Volume 9,9.23 GGGGGGGGG,https://wanderinginn.com/2022/11/02/9-23-ggggggggg/
Volume 9,9.24,https://wanderinginn.com/2022/11/05/9-24/
Volume 9,Interlude – Adventurers (Pt. 1),https://wanderinginn.com/2022/11/09/interlude-adventurers-pt-1/
Volume 9,Interlude – Adventurers (Pt. 2),https://wanderinginn.com/2022/11/13/interlude-adventurers-pt-2/
Volume 9,Interlude – Adventurers (Pt. 3),https://wanderinginn.com/2022/11/16/interlude-adventurers-pt-3/
Volume 9,9.25,https://wanderinginn.com/2022/11/27/9-25/
Volume 9,9.26 F,https://wanderinginn.com/2022/11/29/9-26-f/
Volume 9,9.27 RC,https://wanderinginn.com/2022/12/04/9-27-rc/
Volume 9,Interlude – Age and Tales,https://wanderinginn.com/2022/12/07/interlude-age-and-tales/
Volume 9,Interlude – The First and Last of Us,https://wanderinginn.com/2022/12/11/interlude-the-first-and-last-of-us/
Volume 9,9.28,https://wanderinginn.com/2022/12/14/9-28/
Volume 9,9.29,https://wanderinginn.com/2022/12/18/9-29/
Volume 9,9.30,https://wanderinginn.com/2022/12/21/9-30/
Volume 9,9.31,https://wanderinginn.com/2022/12/25/9-31/
Volume 9,9.32,https://wanderinginn.com/2023/01/18/9-32/
Volume 9,9.33,https://wanderinginn.com/2023/01/22/9-33/
Volume 9,Interlude – Foody Discussions,https://wanderinginn.com/2023/01/24/interlude-foody-discussions/
Volume 9,9.34,https://wanderinginn.com/2023/01/29/9-34/
Volume 9,9.35 O,https://wanderinginn.com/2023/01/31/9-35-o/
Volume 9,9.36 HO,https://wanderinginn.com/2023/02/04/9-36-ho/
Volume 9,9.37 HO,https://wanderinginn.com/2023/02/15/9-37-ho/
Volume 9,9.38 TV (Pt. 1),https://wanderinginn.com/2023/03/01/9-38-tv-pt-1/
Volume 9,9.38 TV (Pt. 2),https://wanderinginn.com/2023/03/01/9-38-tv-pt-2/
Volume 9,Interlude – Beginnings,https://wanderinginn.com/2023/03/05/interlude-beginnings/
Volume 9,9.39,https://wanderinginn.com/2023/03/08/9-39/
Volume 9,9.40 GG,https://wanderinginn.com/2023/03/12/9-40-gg/
Volume 9,Interlude – Innovation and Invention,https://wanderinginn.com/2023/03/15/interlude-innovation-and-invention/
Volume 9,Interlude – Brewing Sariants,https://wanderinginn.com/2023/03/19/interlude-brewing-sariants/
Volume 9,Interlude – The Spitoon,https://wanderinginn.com/2023/03/29/interlude-the-spitoon/
Volume 9,Interlude – Stories,https://wanderinginn.com/2023/04/01/interlude-stories/
Volume 9,9.41 (Pt. 1),https://wanderinginn.com/2023/04/09/9-41-pt-1/
Volume 9,9.41 (Pt. 2),https://wanderinginn.com/2023/04/12/9-41-pt-2/
Volume 9,Interlude – Levels,https://wanderinginn.com/2023/04/16/interlude-levels/
Volume 9,9.41 (Pt. 3),https://wanderinginn.com/2023/04/30/9-41-pt-3/
Volume 9,Interlude – Trade and Travel,https://wanderinginn.com/2023/06/04/interlude-trade-and-travel/
Volume 9,9.42 E,https://wanderinginn.com/2023/06/05/9-42-e/
Volume 9,9.43 L,https://wanderinginn.com/2023/06/07/9-43-l/
Volume 9,9.44 P,https://wanderinginn.com/2023/06/08/9-44-p/
Volume 9,9.45 GT,https://wanderinginn.com/2023/06/10/9-45-gt/
Volume 9,9.46 S,https://wanderinginn.com/2023/06/10/9-46-s/
Volume 9,9.47 U,https://wanderinginn.com/2023/06/13/9-47-u/
Volume 9,9.48 BTIPRLJMWVRV,https://wanderinginn.com/2023/06/16/9-48-btiprljmwvrv/
Volume 9,9.49,https://wanderinginn.com/2023/06/27/9-49/
Volume 9,9.50,https://wanderinginn.com/2023/07/01/9-50/
Volume 9,9.51 Z,https://wanderinginn.com/2023/07/04/9-51-z/
Volume 9,9.52,https://wanderinginn.com/2023/07/09/9-52/
Volume 9,9.53,https://wanderinginn.com/2023/07/12/9-53/
Volume 9,9.54 C,https://wanderinginn.com/2023/07/16/9-54-c/
Volume 9,9.55 (Pt. 1),https://wanderinginn.com/2023/08/30/9-55-pt-1/
Volume 9,9.55 (Pt. 2),https://wanderinginn.com/2023/08/30/9-55-pt-2/
Volume 9,9.56,https://wanderinginn.com/2023/09/05/9-56/
Volume 9,9.57 B,https://wanderinginn.com/2023/09/09/9-57-b/
Volume 9,9.58 O,https://wanderinginn.com/2023/09/12/9-58-o/
Volume 9,9.59 O,https://wanderinginn.com/2023/09/17/9-59-o/
Volume 9,Interlude – The Library,https://wanderinginn.com/2023/10/03/interlude-the-library/
Volume 9,9.60,https://wanderinginn.com/2023/10/15/9-60/
Volume 9,9.61 G,https://wanderinginn.com/2023/10/17/9-61-g/
Volume 9,9.62,https://wanderinginn.com/2023/10/21/9-62/
Volume 9,9.63,https://wanderinginn.com/2023/10/24/9-63/
Volume 9,9.64 BH,https://wanderinginn.com/2023/10/28/9-64-bh/
Volume 9,9.65,https://wanderinginn.com/2023/11/19/9-65/
Volume 9,9.66,https://wanderinginn.com/2023/11/22/9-66/
Volume 9,9.67 (Pt. 1),https://wanderinginn.com/2023/11/26/9-67-pt-1/
Volume 9,9.67 (Pt. 2),https://wanderinginn.com/2023/11/26/9-67-pt-2/
Volume 9,9.68,https://wanderinginn.com/2023/11/28/9-68/
Volume 9,9.69 H (Pt. 1),https://wanderinginn.com/2023/12/06/9-69-pt-1/
Volume 9,9.69 H (Pt. 2),https://wanderinginn.com/2023/12/06/9-69-pt-2/
Volume 9,9.70 (Pt. 1),https://wanderinginn.com/2023/12/23/9-70-pt-1/
Volume 9,9.70 (Pt. 2),https://wanderinginn.com/2023/12/23/9-70-pt-2/
Volume 9,9.70 (Pt. 3),https://wanderinginn.com/2023/12/23/9-70-pt-3/
Volume 9,Volume 9 – Epilogue,https://wanderinginn.com/2023/12/23/volume-9-epilogue/
Volume 10,10.00 L,https://wanderinginn.com/2024/02/04/10-00-l/
Volume 10,10.01 L,https://wanderinginn.com/2024/02/07/10-01-l/
Volume 10,10.02 Y,https://wanderinginn.com/2024/02/11/10-02-y/
Volume 10,10.03 Y,https://wanderinginn.com/2024/02/14/10-03-y/
Volume 10,10.04 V,https://wanderinginn.com/2024/02/18/10-04-v/
Volume 10,10.05,https://wanderinginn.com/2024/02/21/10-05/
Volume 10,10.06,https://wanderinginn.com/2024/03/06/10-06/
Volume 10,10.07,https://wanderinginn.com/2024/03/10/10-07/
Volume 10,Interlude – Saliss the Architect,https://wanderinginn.com/2024/03/13/interlude-saliss-the-architect/
Volume 10,10.08 (Pt. 1),https://wanderinginn.com/2024/03/20/10-08-pt-1/
Volume 10,10.08 (Pt. 2),https://wanderinginn.com/2024/03/20/10-08-pt-2/
Volume 10,10.09 E,https://wanderinginn.com/2024/03/24/10-09-e/
Volume 10,10.10 E (Pt. 1),https://wanderinginn.com/2024/04/06/10-10-e-pt-1/
Volume 10,10.10 E (Pt. 2),https://wanderinginn.com/2024/04/06/10-10-e-pt-2/
Volume 10,10.11 H,https://wanderinginn.com/2024/04/13/10-11-h/
Volume 10,10.12 H (Pt. 1),https://wanderinginn.com/2024/04/27/10-12-h-pt-1/
Volume 10,10.12 H (Pt. 2),https://wanderinginn.com/2024/04/27/10-12-h-pt-2/
Volume 10,10.13,https://wanderinginn.com/2024/05/04/10-13/
Volume 10,10.14,https://wanderinginn.com/2024/05/11/10-14/
Volume 10,10.15,https://wanderinginn.com/2024/05/18/10-15/
Volume 10,10.16 N,https://wanderinginn.com/2024/06/02/10-16-n/
Volume 10,Interlude – Another Time,https://wanderinginn.com/2024/06/07/interlude-another-time/
Volume 10,10.17,https://wanderinginn.com/2024/06/08/10-17/
Volume 10,10.18 E,https://wanderinginn.com/2024/06/16/10-18-e/
Volume 10,10.19 E,https://wanderinginn.com/2024/06/30/10-19-e/
Volume 10,10.20 E,https://wanderinginn.com/2024/07/08/10-20-e/
Volume 10,10.21 E,https://wanderinginn.com/2024/07/21/10-21-e/
Volume 10,Goblin Days (Pt.1) — The Wedding,https://wanderinginn.com/2024/07/28/goblin-days-pt-1-the-wedding/
Volume 10,Goblin Days (Pt. 2) — The Pilot and the Knight,https://wanderinginn.com/2024/07/28/goblin-days-pt-2-the-pilot-and-the-knight/
Volume 10,Goblin Days (Pt. 3) – Vengeance and Talking,https://wanderinginn.com/2024/07/30/goblin-days-pt-3-vengeance-and-talking/
Volume 10,"Goblin Days (Pt. 4) – Order, Oddity",https://wanderinginn.com/2024/07/31/goblin-days-pt-4-order-oddity/
Volume 10,Goblin Days (Pt. 5) – Redblade and Lilbrasi,https://wanderinginn.com/2024/08/01/goblin-days-pt-5-redblade-and-lilbrasi/
Volume 10,Goblin Days (Pt. 6) – Of Dragons,https://wanderinginn.com/2024/08/02/goblin-days-pt-6-of-dragons/
Volume 10,Goblin Days (Pt. 7) – No Answers and Answers,https://wanderinginn.com/2024/08/02/goblin-days-pt-7-no-answers-and-answers/
Volume 10,Goblin Days (Pt. 8) – Downwards,https://wanderinginn.com/2024/08/04/goblin-days-pt-8-downwards/
Volume 10,The Roots (Pt. 1),https://wanderinginn.com/2024/08/10/the-roots-pt-1/
Volume 10,The Roots (Pt. 2),https://wanderinginn.com/2024/08/11/the-roots-pt-2/
Volume 10,The Roots (Pt. 2),https://wanderinginn.com/2024/08/11/the-roots-pt-2-2/
Volume 10,The Roots (Pt. 2),https://wanderinginn.com/2024/08/11/the-roots-pt-2-3/
Volume 10,The Roots (Pt. 3),https://wanderinginn.com/2024/08/14/the-roots-pt-3/
Volume 10,The Roots (Pt. 4),https://wanderinginn.com/2024/08/16/the-roots-pt-4/
Volume 10,The Roots (Pt. 5),https://wanderinginn.com/2024/08/18/the-roots-pt-5/
Volume 10,10.22 R,https://wanderinginn.com/2024/09/01/10-22-r/
Volume 10,10.23 LMGY,https://wanderinginn.com/2024/09/08/10-23-lmgy/
Volume 10,Heroes of Hraace (Pt. 1),https://wanderinginn.com/2024/09/29/heroes-of-hraace-pt-1/
Volume 10,Heroes of Hraace (Pt. 2),https://wanderinginn.com/2024/10/06/heroes-of-hraace-pt-2/
Volume 10,Heroes of Hraace (Pt. 3),https://wanderinginn.com/2024/10/06/heroes-of-hraace-pt-3/
Volume 10,10.24 E,https://wanderinginn.com/2024/10/13/10-24-e/
